centersX,centersY,radii,distance
356.893449902576,306.756863185017,21.4756694257725,248.700489248458
605.089773503375,322.584633194389,17.7258181928581,NaN
