centersX,centersY,radii
1769.04582665423,367.761834910688,17.818885601396
