centersX,centersY,radii,distance
415.977236433055,259.161235757547,16.3842193382049,925.369491438553
1341.17394810516,277.042521963154,16.7230609033898,NaN
