centersX,centersY,radii,distance
1338.99216463574,270.645783177792,21.3899450020587,915.919646702219
423.124929562905,260.84747030461,17.826447354224,NaN
