centersX,centersY,radii,distance
519.041539797819,127,12.4609215593396,143.32590483662
375.822843299886,121.457440061801,13.9178052071317,NaN
