centersX,centersY,radii,distance
994.06584194458,204.267801813696,18.7584594865445,560.577749133666
433.585849178084,193.799252141645,15.8997490240664,NaN
