centersX,centersY,radii,distance
717.763638928251,160.178100827459,16.6345350585105,321.253677537026
396.602732773496,152.458146882004,16.3901830670974,NaN
