centersX,centersY,radii,distance
401.806740903261,154.779191116202,15.7756720917625,315.795428657218
717.549789503587,160.530714511633,16.8301101716914,NaN
