centersX,centersY,radii,distance
376.049668799338,121.32012173456,12.0992983012376,142.896249440268
518.788730321775,128.020750047571,11.2016504221429,NaN
