centersX,centersY,radii,distance
1363.99044634582,270.187227355966,23.1743454713048,917.044216755874
447.000470467889,260.21328005395,18.9039498489326,NaN
