centersX,centersY,radii,distance
792.87167536478,160.346230379745,21.0976377633522,323.035620443202
469.841321558904,158.501617906897,25.2587883838694,NaN
