centersX,centersY,radii,distance
1044.92252329362,205.018160227913,21.3296107063622,561.850873737321
483.167532431299,194.638634195392,17.5769631251322,NaN
