centersX,centersY,radii,distance
1044.03356215364,204.498867858846,21.8165159661907,561.887254432331
482.152744136798,201.809437021336,25.1837583886588,NaN
