centersX,centersY,radii,distance
793.626568604233,159.350983358063,19.8472457269876,321.459685564769
472.224020883708,153.290309950277,19.3166522685468,NaN
