centersX,centersY,radii,distance
793.51729365862,157.723654282345,16.7195777980203,6.46979545780114
790.057485632552,163.190644467862,17.7062488071247,NaN
