centersX,centersY,radii,distance
477.28800795324,119.033746025306,20.7918727390758,142.458601745498
619.477106217657,127.792372974453,19.2962441605779,NaN
