centersX,centersY,radii,distance
478.458084092383,118.293269684018,21.0252399031249,145.026745623615
623.209492204354,127.225615164261,20.1052037499032,NaN
