centersX,centersY,radii
1363.66851029638,271.125361776119,15.1445709602973
