centersX,centersY,radii,distance
619.328895903485,127.847876638289,16.9247353323716,145.142675780919
474.360842493754,120.730305181791,18.3926160819135,NaN
