centersX,centersY,radii,distance
1043.97876407322,204.376571585641,19.3862613108358,552.232772409828
491.787057177108,197.642051661887,15.7350067394609,NaN
