centersX,centersY,radii,distance
1769.70982238193,365.786483696405,30.0580592767299,1452.62953066885
317.12569969153,354.300845753871,25.8955190147081,NaN
