centersX,centersY,radii,distance
317.971154776271,354.786197123928,18.2381240901522,1450.79771988041
1768.76646025019,357.433011255888,16.5756282819801,NaN
