centersX,centersY,radii,distance
792.994831169893,159.504161404249,20.0258593929607,318.589502449174
474.467779756188,153.196341772796,20.7734591560289,NaN
