centersX,centersY,radii,distance
619.378678474763,127.201193127044,15.7926199397619,141.618830460808
477.826428243599,122.85912039839,17.7072597890672,NaN
