centersX,centersY,radii,distance
481.287124549153,193.683492637537,16.6876490828544,561.718542942586
1042.91729213186,203.647244268241,18.5546441732141,NaN
