centersX,centersY,radii,distance
790.744205162585,156.283063509028,17.653704285566,326.904532964406
463.935852664938,148.353724920613,13.4948344503283,NaN
