centersX,centersY,radii
794.149097326668,159.676689598529,18.0209196144941
