centersX,centersY,radii,Var4
1135.1355178997,50.5,19.7912102837166,39.4857194955458
1135.73568319182,11.0188418900476,19.7089589772775,174.5271728391
1138.21513787772,225,12.9098633424472,213.995522667218
