centersX,centersY,radii,distance
1364.23838412319,271.142098229445,22.0608103851539,916.432754228756
447.860430900978,261.120128783339,17.2391984985058,NaN
